시설명,도로명주소,경도,위도
준코뮤직타운 역삼점,서울 강남구 강남대로78길 12,127.030355699568,37.4948664583401
준코뮤직타운 신사점,서울 강남구 도산대로 123,127.021912819888,37.5174439115221
도파민,서울 강남구 선릉로92길 38,127.05183314545715,37.506037768370284
강남달토 가라오케 런닝래빗,서울 강남구 봉은사로 150,127.031156374836,37.5058873556936
라틴바,서울 강남구 테헤란로6길 9,127.030838718362,37.4980036383503
꽃자바,서울 강남구 테헤란로28길 5,127.038822943848,37.500788997359
서울여자 트랜스젠더바,서울 강남구 테헤란로2길 36,127.029559983929,37.4958325394153
애플,서울 강남구 언주로87길 24,127.041029624075,37.5012982208869
킹스맨,서울 강남구 테헤란로33길 8,127.039622256541,37.5024763158689
레이스,서울 강남구 역삼로 113,127.031638667886,37.4936551683431
레이블,서울 강남구 도산대로 205,127.028780132248,37.5205031456861
세븐,서울 강남구 언주로87길 48,127.03931941192103,37.50078793215028
CNN,서울 강남구 테헤란로77길 9,127.05442273163644,37.50707996749827
오스카,서울 강남구 언주로 548,127.040427717817,37.507109913389
스테이,서울 강남구 테헤란로6길 10,127.030389695937,37.4978343655003
썸데이,서울 강남구 강남대로 354,127.029733663226,37.4946494738731
째즈,서울 강남구 테헤란로39길 75,127.039030872584,37.5070022625945
멀리건,서울 강남구 언주로 640,127.035867404916,37.513977040155
개구쟁이,서울 강남구 테헤란로2길 34,127.029501225967,37.4959478829635
어게인가라오케,서울 강남구 테헤란로69길 8,127.0528479435885,37.50646709814149
엘리트,서울 강남구 테헤란로70길 16,127.053296610822,37.504401792652
인트로 가라오케,서울 강남구 도산대로 205,127.0287801322484,37.52050314569288
블렌딩&에어링,서울 강남구 테헤란로 111,127.029260384565,37.4989140562121
하모니,서울 강남구 테헤란로33길 6-7,127.040096197571,37.5026257228881
세이렌,서울 강남구 테헤란로 411,127.050863520523,37.5054939827386
텐프로,서울 강남구 테헤란로37길 13-7,127.040098558223,37.5028104282527
라이언,서울 강남구 테헤란로69길 16,127.052564392782,37.5069357472593
강남7080라이브 강남대관,서울 강남구 강남대로62길 28,127.03384351614486,37.490677629240004
텐프로노래방,서울 강남구 봉은사로112길 16,127.064907375061,37.5138961757929
강남 플러팅,서울 강남구 강남대로 320,127.031048774936,37.4918533104497
라이징,서울 강남구 논현로87길 41,127.033519241917,37.4988336360319
골드코스트,서울 강남구 테헤란로27길 8-4,127.038428893322,37.5020307122671
퀄리티,서울 강남구 도산대로 217,127.030560781892,37.5208270594325
타임즈,서울 강남구 도산대로 535,127.051875741946,37.5250966798574
비일일,서울 강남구 역삼로3길 11,127.03117641996586,37.49425536190424
뮤즈,서울 강남구 강남대로94길 54,127.031733048777,37.5002396989513
다소다,서울 강남구 테헤란로22길 9,127.035238417598,37.4993449072515
블루문,서울 강남구 테헤란로77길 6,127.05490666938114,37.50690044356169
퍼펙트,서울 강남구 논현로 645,127.03141303622058,37.511113115505054
클럽잭리빈,서울 강남구 강남대로 588,127.020531962753,37.514368133073
임펙트,서울 강남구 테헤란로20길 9,127.03453267162996,37.49918653857931
E7,서울 강남구 테헤란로77길 11-10,127.053624241288,37.5070767286613
미술관,서울 강남구 강남대로94길 54,127.031733048777,37.5002396989442
아이디,서울 강남구 도산대로 331,127.038121917478,37.5232963113786
애플노래타운,서울 강남구 강남대로118길 40,127.026515234802,37.5070814194057
준코뮤직타운 길동점,서울 강동구 천호대로 1135,127.13780221033,37.5345999140675
준코뮤직타운 천호로데오점,서울 강동구 천호대로 1027,127.12658329690092,37.53807952024413
은성노래주점,서울 강동구 천중로40길 78,127.13743896784638,37.53765112311221
포텐노래타운,서울 강동구 천호대로157길 15,127.126878193112,37.5385008716306
비너스,서울 강동구 천중로40길 55,127.138087878359,37.538580197709
키스노래주점,서울 강동구 천중로40길 71,127.137953112715,37.5379010015285
황제,서울 강동구 천호대로177길 16,127.137821228237,37.5350972439395
필라이브7080,서울 강동구 성안로 72,127.13198644783438,37.52994928520494
파라다이스,서울 강동구 양재대로111길 28,127.13813452900993,37.53749443860506
별이빛나는밤에7080,서울 강동구 천호대로176길 10,127.13616512236139,37.53401796486026
라이브행복7080,서울 강동구 양재대로113길 7,127.139391369114,37.5379876105768
눈사람노래주점,서울 강동구 천호대로175길 58,127.137844530552,37.5373073695233
미주노래주점,서울 강동구 천호대로177길 51,127.137972625099,37.5368233830531
첼로2,서울 강동구 천호대로175길 21,127.13665805797945,37.535681542711174
만남7080,서울 강동구 진황도로 53,127.13283432565954,37.537885246312314
꿀단지노래주점,서울 강동구 천호대로177길 34,127.137963104812,37.5359548302904
벌떼미인클럽,서울 강동구 진황도로 96,127.136835997303,37.5358480216634
애플노래주점,서울 강동구 양재대로111길 32,127.13792855867904,37.53747035236117
로데오포차7080,서울 강동구 천호대로159길 25,127.12776677732663,37.538720658485765
무지개7080,서울 강동구 양재대로 1457,127.139046934821,37.5359076081314
비틀즈,서울 강동구 올림픽로98길 10,127.128685385429,37.5511390266196
월드컵,서울 강동구 상암로11길 8,127.128858912033,37.5500459270487
대왕노래궁,서울 강동구 구천면로24길 11,127.126149008461,37.5402108489498
초원,서울 강동구 올림픽로92길 16,127.1276279827861,37.547571321223806
엔츠노래타운,서울 강동구 천호대로157길 51,127.127705613484,37.5400100549698
문라이브7080,서울 강동구 천호대로177길 16,127.137751191065,37.5351576926536
S라이브7080,서울 강동구 천중로 205,127.14306877137,37.5410159764488
하루노래광장,서울 강동구 진황도로 93,127.136723472394,37.5361869279746
블랙홀노래주점,서울 강동구 진황도로 90,127.136333924321,37.5360044753468
가랑비7080,,127.13805832426,37.537279188784
아지트7080,서울 강동구 진황도로 154,127.14137197453216,37.532277420871445
노라조,서울 강동구 양재대로111길 39,127.137381922032,37.5373935035788
찐이야7080생음악,서울 강동구 명일로 191,127.14533878189292,37.53586849730853
열린음악회,서울 강동구 상암로 169,127.141143511555,37.5461242532158
모모7080라이브,서울 강동구 천호대로 1135,127.137788688051,37.5346296628507
모비딕,서울 강동구 천중로 228,127.145611596875,37.5405948047291
하트,서울 강동구 진황도로 94,127.136564669998,37.5359672677368
궁전,서울 강동구 천중로40길 77,127.13786666353583,37.53765242657703
럭셔리노래주점,서울 강동구 올림픽로70길 61,127.12699402455,37.5394161627084
쉘부르라이브,서울 강동구 양재대로 1622,127.14410483532441,37.55021210842477
어머나,서울 강동구 천호대로 1134,127.13729084204545,37.53400044352642
팬더노래주점,서울 강동구 올림픽로 654-7,127.124333068703,37.5396027982323
야화,서울 강동구 천호대로 1135,127.137811268283,37.5346035074983
K2 노래터,서울 강동구 올림픽로70길 47,127.12630130615467,37.53934036882493
로빈,서울 강동구 올림픽로48길 27,127.12174516478683,37.52905297854969
게코노래타운,서울 강북구 도봉로87길 7,127.02503335833141,37.63819093001418
카지노노래주점,서울 강북구 도봉로89길 5-6,127.0256782644324,37.63887734191604
아우라룸클럽,서울 강북구 도봉로73길 11,127.023217556534,37.6321204615064
골든블루노래바,서울 강북구 도봉로 333,127.025051378436,37.6378701755349
블루문,서울 강북구 도봉로 331,127.024928957925,37.6376954103756
몰디브노래주점,서울 강북구 도봉로87길 6,127.025349510482,37.6383341191224
일번지,서울 강북구 한천로139길 41,127.025138852443,37.63856571732
폭스노래주점,서울 강북구 도봉로 355,127.02673438819,37.6393510253479
왕과비,서울 강북구 한천로139길 29,127.025632987238,37.6390016876753
보물섬스텐드빠,서울 강북구 도봉로 249,127.024066776429,37.6307201591036
한국관주점,서울 강북구 월계로 21,127.032386837392,37.6103702637112
터널노래방,서울 강북구 도봉로 313,127.023462487321,37.6364406388216
팝콘노래방,서울 강북구 도봉로 345,127.025929714167,37.6386592485881
아방궁,서울 강북구 한천로139길 11,127.026221223695,37.6395980103378
큐브뮤직타운,서울 강북구 도봉로87길 13,127.024812490512,37.6383855894238
게코노래타운,서울 강북구 도봉로 329,127.024701181846,37.6375531026401
초코렛,서울 강북구 도봉로 353-1,127.02653266748405,37.63922223005984
우리노래주점,서울 강북구 도봉로89길 12,127.025951453539,37.6392701115246
황진이노래크럽&파티유7080,서울 강북구 월계로 7,127.031070526447,37.6097210043566
첼로,서울 강북구 도봉로87길 7,127.025045819378,37.6381855214649
황진이,서울 강북구 한천로139길 9,127.02631980530829,37.639625918914035
아지트,서울 강북구 노해로 21,127.02271052986602,37.63752016616251
더킹노래주점,서울 강북구 도봉로87길 3,127.02522027779828,37.63812151436386
놀이터,서울 강북구 노해로8길 28,127.024295809363,37.6382703708808
뉴본7080라이브,서울 강북구 도봉로 350,127.02668767297,37.6386185352531
목화,서울 강북구 월계로3길 28,127.03136324367546,37.610954381157285
고래사냥노래주점,서울 강북구 월계로 19,127.032133093183,37.6102550064551
메이드,서울 강북구 도봉로87길 6,127.025349510788,37.6383350201072
샤샤,서울 강북구 도봉로 286,127.02359878143803,37.63392956526713
초이스,서울 강북구 한천로139길 7-5,127.026374133692,37.6394673334658
청춘7080,서울 강북구 한천로150길 6,127.023112192068,37.6430764604414
폭스클럽,서울 강북구 월계로3길 5,127.031181679742,37.6101111033965
밤밤단란주점,서울 강북구 4.19로 8,127.01340050577141,37.64818834358305
바나나룸,서울 강북구 덕릉로19길 4,127.020568442671,37.6347626431034
궁전노래방,서울 강북구 솔매로 62-1,127.019175768441,37.6247898607854
라스베가스,서울 강북구 삼양로 306,127.01793339488475,37.63071404282642
럭셔리노래주점,서울 강북구 도봉로 351,127.02626295187,37.6390493013229
수퍼모델노래주점,서울 강북구 도봉로 353,127.026457851902,37.6391168316387
세븐,서울 강북구 도봉로89길 1,127.02611219974978,37.63886913781598
7080 테마라이브주점,서울 강북구 덕릉로 107,127.025790243131,37.6350553385074
신세계7080,서울 강북구 한천로 1064,127.024768284773,37.6417408656368
뮤즈노래클럽,서울 강북구 도봉로82길 33,127.025326922755,37.6352086063956
늘사랑,서울 강북구 한천로 1024,127.02816423502175,37.639336276928724
슈퍼스타뮤직타운,서울 강북구 도봉로87길 3,127.02521461499805,37.638127822468995
지중해,서울 강북구 도봉로87길 3,127.025162485773,37.6380926951894
준코뮤직타운 화곡점,서울 강서구 공항대로46길 90,126.850807472465,37.5523717876503
모델라인,서울 강서구 화곡로 280,126.847884682717,37.5494127865734
밤과음악사이 강서점,서울 강서구 화곡로 330,126.851204033691,37.5532732853108
밀크노래타운,서울 강서구 공항대로46길 90,126.85085259076942,37.55244662742116
황실노래바,서울 강서구 강서로5길 4,126.847807959934,37.5292591357472
노래뱅크발리,서울 강서구 공항대로46길 56,126.851660432044,37.5536811102929
빅토리노래바,서울 강서구 곰달래로16길 32,126.840166957423,37.5287075404108
7080라이브클럽,서울 강서구 마곡중앙6로 89,126.837292895025,37.5601718853976
카라노래방,서울 강서구 강서로7길 27,126.846251937741,37.5294706574944
피플노래바,서울 강서구 화곡로 319,126.850052006164,37.5526870807187
애플노래클럽,서울 강서구 화곡로 320,126.850503951001,37.5524867314062
로그인노래타운,서울 강서구 공항대로46길 96,126.85051950327083,37.552065985341024
비너스노래클럽,서울 강서구 강서로5나길 152,126.839759287269,37.5283619046609
두바이노래바,서울 강서구 곰달래로16길 32,126.8401669574229,37.52870754041084
허브룸클럽,서울 강서구 화곡로 327,126.85051591340952,37.55329674307003
황제노래바,서울 강서구 강서로5나길 32,126.846401585799,37.5287671705699
티파니노래바,서울 강서구 강서로7길 23,126.846414959253,37.5294177105641
아테네,서울 강서구 화곡로 324,126.850734476912,37.5526564105422
가야,서울 강서구 강서로5나길 18,126.847311223592,37.528743122086
승리노래바,서울 강서구 월정로 102,126.839546583706,37.5283688238793
별궁노래바,서울 강서구 강서로5길 16,126.848071350407,37.5288053704414
7080라이브보스,서울 강서구 화곡로 133,126.836490819909,37.5408335701024
신세계노래빠,서울 강서구 마곡중앙6로 89,126.837293143852,37.5600574592562
별밤라이브7080,서울 강서구 방화동로 105,126.812739240591,37.5697896559145
관문나이트,서울 강서구 개화동로29길 60,126.809730452884,37.5635860019398
루나,서울 강서구 화곡로 336,126.851423922202,37.5536727039423
라이브7080학창시절,서울 강서구 강서로5나길 88,126.843338399194,37.5285505107635
승리노래바,서울 강서구 강서로 171,126.839814364002,37.541753540114
뉴코뮤직타운 마곡점,서울 강서구 마곡중앙6로 89,126.837292895024,37.5601718854039
OK노래타운,서울 강서구 마곡중앙6로 89,126.837292895024,37.5601718854039
7080백마라이브,서울 강서구 방화동로 116-1,126.812510421538,37.5707587624218
샵라이브7080,서울 강서구 곰달래로60길 17,126.863294098496,37.5315197668609
승리노래바,서울 강서구 공항대로59가길 1,126.86403479437578,37.55227603624402
구찌노래방,서울 강서구 강서로7길 31,126.846008905908,37.5293703297688
콜미노래타운,서울 강서구 곰달래로16길 26,126.840107490016,37.5290065921738
궁전노래바,서울 강서구 곰달래로16길 32,126.84018168002714,37.52870035232826
승리노래방,서울 강서구 강서로5나길 144,126.840066965865,37.528381242738
도도,서울 강서구 강서로7길 35,126.845816604858,37.5293574648602
로데오,서울 강서구 화곡로63길 139,126.845294172017,37.5588086216
나가수7090라이브,서울 강서구 공항대로46길 90,126.850729474373,37.5523275402023
세븐노래바,서울 강서구 곰달래로24길 24,126.84702564524672,37.52953383125837
터널노래방,서울 강서구 곰달래로 59,126.83941134834,37.5302355135682
놀러와7080,서울 강서구 화곡로 319,126.850052006163,37.5526870807251
VIP7080라이브,서울 강서구 공항대로46길 77,126.851481476523,37.552614104633
블루노래바,서울 강서구 송정로 60,126.81016023450914,37.56014489143545
준코뮤직타운 사당2호점,서울 관악구 남현1길 47,126.98013877289,37.4759907620485
준코뮤직타운 신림2호점,서울 관악구 신림로59길 14,126.928773935271,37.483290761384
구디별밤,서울 관악구 시흥대로 578,126.90324720362,37.4843087748255
준코뮤직타운 사당1호점,서울 관악구 과천대로 941,126.981400776028,37.4746718889662
준코뮤직타운 서울대입구점,서울 관악구 남부순환로 1830,126.953172544053,37.4807765219589
락휴노래타운,서울 관악구 신림로59길 14,126.928773928428,37.4832979694478
뉴코노래타운 신림점,서울 관악구 신림로 344,126.929977466474,37.4851502610337
논다노래타운 신림점,서울 관악구 남부순환로 1600,126.92854742132474,37.48369517741662
상한가노래빠,서울 관악구 신림로 371,126.928600503455,37.4873208663358
시크릿,서울 관악구 신림동1길 25-6,126.92884000162191,37.48635152626765
줄넘기,서울 관악구 신림로 353,126.929192197975,37.4857669836275
구디,서울 관악구 조원로 34,126.906129457415,37.483242504113
당근노래바,서울 관악구 신림로 363,126.928949484812,37.4865561209706
썸노래타운,서울 관악구 신림로59길 12,126.92919446916389,37.483360391804005
퍼펙트룸가라오케,서울 관악구 신림로 363-1,126.92894712870618,37.486656131448086
P9,서울 관악구 신림로 349,126.92919243522519,37.485515602498374
골든벨노래바,서울 관악구 남부순환로 1472,126.9140200431883,37.4814203633018
레이스노래빠,서울 관악구 시흥대로 552-1,126.90145325899897,37.48227371634249
OK노래방,서울 관악구 조원로2길 48,126.901409932857,37.4816889256609
JMC 남현1호,서울 관악구 남현1길 58,126.980498386269,37.4755925756108
오빠가격이싸요노래빠,서울 관악구 관천로 42,126.927270025811,37.4834484226891
아쿠아룸노래빠,서울 관악구 남부순환로176길 9,126.928470722693,37.4835005131824
백악관스텐드바아카데미,서울 관악구 남부순환로 1377,126.903829159605,37.4801583037445
더데이룸노래클럽,서울 관악구 신림로 361,126.92901967556,37.4864633593357
레이스여성전용노래클럽,서울 관악구 시흥대로 552,126.901361849931,37.4821429938265
골든벨,서울 관악구 신림로 353,126.92919106729414,37.48576698294989
서울대홀릭데이트카페,서울 관악구 남부순환로 1799,126.950130490496,37.4818636959014
스카이,서울 관악구 남부순환로 1599-4,126.928429033604,37.4845339445542
텐프로,서울 관악구 신림로 322-1,126.930103689494,37.483165414337
플러팅 신림본점,서울 관악구 봉천로12길 49,126.93010628918545,37.48644328396685
7080써니,서울 관악구 은천로 113,126.947865704818,37.4869588218574
JMC술래방,서울 관악구 남현1길 58,126.980606876938,37.4757475671579
99,서울 관악구 신림로68길 9,126.92984497908438,37.48657197324509
볼트마이크,서울 관악구 남부순환로 1594-4,126.92790862252535,37.48367586819351
꼬망노래주점,서울 관악구 봉천로 334,126.937347264551,37.4850579911106
장원7080,서울 관악구 조원중앙로 25,126.905637037068,37.4819140253696
7080라이브동창생생음악,서울 관악구 남현3길 74,126.980689510921,37.4753385222188
바이킹,서울 관악구 봉천로 522,126.95576363580413,37.479296261500004
용궁노래빠,서울 관악구 신림동1길 25-3,126.9287358472347,37.48648931770955
123노래노래,서울 관악구 남부순환로 1471,126.914258956229,37.4821007984407
샤인노래빠,서울 관악구 남부순환로 1601-1,126.928615748024,37.4843709749986
룸의정석싱플러스 신림점,서울 관악구 남부순환로 1600-8,126.928745362859,37.4836133051821
물고기,서울 관악구 신림로 317,126.929647371564,37.482673192832
딸기노래빠,서울 관악구 남부순환로 1588,126.927049375555,37.4836275873394
삼바,서울 관악구 신림동길 7,126.92796621389,37.48728353999
건대더블유,서울 광진구 동일로 166,127.066990978365,37.5469049976707
어우동,서울 광진구 면목로 181,127.08292162518217,37.56930448241365
엘리트 몽골리아,서울 광진구 면목로 111,127.07981633600875,37.56365377546353
써니7080라이브,서울 광진구 구의로 58,127.090411738802,37.5431151031466
슈퍼스타노래타운 1호점,서울 광진구 아차산로25길 8,127.06669785351345,37.54178028023806
사또7080라이브,서울 광진구 천호대로 573,127.081874219741,37.5565660273119
초콜렛,서울 광진구 광나루로 343,127.068159074404,37.5484558489066
하루노래주점,서울 광진구 아차산로 413,127.088484250482,37.5379349142013
한강썸라이브,서울 광진구 아차산로76길 32,127.107543330961,37.5470363065794
백마강,서울 광진구 자양로18길 53,127.086390185731,37.5381806357052
송앤푸드,서울 광진구 아차산로78길 165,127.1088946745,37.5479558885085
쎄시봉,서울 광진구 광나루로 508,127.08596442900054,37.54479788685375
술마시는 힐링노래방,서울 광진구 아차산로78길 177,127.108260342791,37.5475239925548
피터팬노래하는소주방,서울 광진구 능동로 171,127.07324231136468,37.54610750567553
이위제7080라이브,서울 광진구 뚝섬로 635,127.080282611663,37.5319536261107
카라노래바,서울 광진구 동일로 168,127.066996756533,37.5470392432045
콘서트7080,서울 광진구 자양로18길 14,127.084285995584,37.5374847822229
비타민,서울 광진구 광나루로 341,127.06790791204462,37.548520865512636
가희,서울 광진구 자양로13길 22,127.08273117565098,37.53526311392657
남행열차,서울 광진구 군자로 183,127.078258749593,37.5570171756512
뉴르네상스,서울 광진구 용마산로 40,127.088304403669,37.55716866541
탑노래방,서울 광진구 긴고랑로 34,127.079953606945,37.5628905387834
벤틀리,서울 광진구 자양로18길 26,127.08510989874723,37.53765988632628
칭구라이브,서울 광진구 동일로72길 4,127.077883368391,37.5660634286939
멜론노래,서울 광진구 아차산로 455,127.092741680172,37.5395309222451
님프노래방,서울 광진구 능동로19길 41,127.07146341548,37.5472582701404
무쏘,서울 광진구 면목로 170,127.082666885199,37.5682324765806
샐리,서울 광진구 뚝섬로 608,127.07719462355526,37.5326080096437
리치술마시는노래방,서울 광진구 아차산로78길 182,127.107915302514,37.5475945862725
월드7080,서울 광진구 뚝섬로 596,127.075955014976,37.5329953427995
콜미,서울 광진구 용마산로 16,127.088614268067,37.5550564956709
슈퍼스타노래타운 2호점,서울 광진구 아차산로25길 13,127.066710500194,37.5420046219848
산타페노래방,서울 광진구 능동로35길 18,127.078050468848,37.5569812736309
슈퍼모델미인클럽,서울 광진구 동일로 164,127.0669455716,37.5467455466341
술마시는뮤직노래방,서울 광진구 구의로 72,127.090724503576,37.5444267180105
아지트,서울 광진구 자양로 71,127.084190670296,37.5342142188051
단란노래방주점,서울 광진구 아차산로 385,127.085492949506,37.5372082085664
에이스노래장,서울 광진구 동일로 36,127.060989208215,37.5361097693683
앵콜노래방,서울 광진구 아차산로40길 9-1,127.07860447431501,37.53705441853639
해피,서울 광진구 면목로 96,127.079348408541,37.562143120112744
별과음악사이,서울 광진구 긴고랑로 50,127.081663212099,37.5623280479527
호프필그리스,서울 광진구 답십리로 364,127.080764279818,37.5715287329548
테스노래장,서울 광진구 동일로 88,127.063308896772,37.5404018142154
파라곤노래방,서울 광진구 군자로 69,127.070664209642,37.5493490677786
쎄시,서울 광진구 광나루로 347,127.068649020171,37.5484024061654
레이스 노래빠,서울 구로구 시흥대로 551,126.900492870109,37.4826396218432
플레이노래타운 구디점,서울 구로구 디지털로32길 97-33,126.901135478787,37.4840457342806
7080라이브아리랑,서울 구로구 구로동로12길 7,126.88539546126,37.4871156649624
원투쓰리성인콜라텍,서울 구로구 디지털로32나길 35,126.900867744453,37.4847266721213
봉주르라이브7080,서울 구로구 개봉로 124,126.856748808689,37.4967657204019
티파니,서울 구로구 디지털로32길 97-21,126.900877956307,37.4838436926772
수박노래빠,서울 구로구 경인로 174,126.840655012301,37.4944439398723
노래하는7080,서울 구로구 경인로23길 8,126.843901093731,37.4968467513319
큐브뮤직타운 노래연습장,서울 구로구 디지털로32길 97-22,126.901291908505,37.4837422252966
궁전노래빠,서울 구로구 경인로 196,126.842932823273,37.4953534022746
애플,서울 구로구 경인로 214,126.84472353446887,37.49614865470346
별밤노래장,서울 구로구 경인로 176-8,126.8405105102854,37.49433021811509
보라보라7080노래타운,,126.84115112026595,37.494594174985366
구디(9D),서울 구로구 디지털로32길 97-10,126.900965798963,37.483250902886
진주노래바,서울 구로구 경인로 228,126.84621711138463,37.49682636274897
영노래연습장,서울 구로구 경인로35길 115,126.85201021237091,37.50152709931539
쉐라톤노래빠,서울 구로구 경인로55길 13,126.877438049525,37.5020553745732
오렌지노래주점,서울 구로구 시흥대로 569,126.90177122366,37.4838038933343
스타노래마당단란주점,서울 구로구 구로동로 13,126.88688869283492,37.48289768372062
황제노래방,서울 구로구 도림로 79,126.892028403063,37.4900862273494
둥지노래바,서울 구로구 개봉로 51-1,126.85578187346296,37.490328655467415
실크로드노래크럽,서울 구로구 경인로47길 44-1,126.865678964229,37.5012632195642
74K노래빠,서울 구로구 도림로 104,126.89452014708,37.4911895090296
뽀빠이노래바,서울 구로구 디지털로32길 97-13,126.900708727101,37.4835651390208
야우노래방,서울 구로구 디지털로32길 97-27,126.901009249712,37.4837392857954
양지노래방,서울 구로구 경인로35길 113-9,126.85166916606,37.5012788951649
보스노래방,서울 구로구 경인로 206,126.84391781241706,37.49587729116594
앙코드 단란주점,서울 구로구 디지털로32길 97-16,126.901170098627,37.4835141683815
대박노래장,서울 구로구 경인로 169,126.840183916511,37.4947622596563
불야성,서울 구로구 구로중앙로 135-3,126.88295060132259,37.499615636358925
청춘7080,서울 구로구 디지털로32가길 1,126.899455436334,37.4831189810375
필노래바,서울 구로구 경인로23길 8,126.844105941398,37.4967677333245
주홍노래바,서울 구로구 경인로 226,126.845873675445,37.496660130122
금노래바,서울 구로구 경인로20나길 6,126.843417116027,37.4952098842079
킹노래방,서울 구로구 디지털로32나길 26,126.90089781770817,37.48421492472261
이오에스,서울 구로구 디지털로33길 12,126.896138993895,37.4865822902427
호박노래장주점,서울 구로구 경인로 169,126.84017799780527,37.49474366906869
별노래방,서울 구로구 구로중앙로19길 27,126.887744852462,37.4940538733018
썬노래바,서울 구로구 디지털로32길 97-39,126.90133307308894,37.48425132933324
구구아리랑,서울 구로구 구로동로 125-4,126.884012824082,37.4899047356036
벤츠타자노래바,서울 구로구 경인로 216,126.844916618289,37.4962885642292
썬노래바,서울 구로구 경인로20길 10,126.84370072082801,37.49532108349219
쿨노래방,서울 구로구 경인로 556,126.879343061699,37.5024276488522
썸앤썸노래방,서울 구로구 경인로20가길 5,126.844005866457,37.4954061813816
명품노래연습장,서울 구로구 우마길 10,126.8878002750449,37.48194889008859
아카데미유랑극단,서울 금천구 남부순환로 1386,126.90473869257661,37.47973826941847
풍차궁노래바,서울 금천구 시흥대로52길 35,126.901833242892,37.4528100804269
호박노래바,서울 금천구 시흥대로 354,126.898013559698,37.4650425893509
킹,서울 금천구 독산로 346,126.903929550228,37.4776905217265
영웅노래바,서울 금천구 시흥대로52길 46,126.9020913232817,37.45337162558129
설탕노래바,서울 금천구 시흥대로52길 39,126.90198999043292,37.45307691035337
궁전 나이트메들리,서울 금천구 독산로 221,126.901538104554,37.4667250631077
미팅노래바,서울 금천구 독산로 131,126.90489720348876,37.45895083631196
여자친구노래바,서울 금천구 가산로 148,126.890866965849,37.4785369394365
꿀물섹시촌,서울 금천구 가산로 34,126.89920535618089,37.47148944182464
카니발,서울 금천구 시흥대로 208,126.901800901037,37.4524784807683
룰루노래바,서울 금천구 시흥대로52길 43,126.901902741227,37.4532489314445
사랑방,서울 금천구 시흥대로 376,126.898132847251,37.4671006012253
에쿠스노래광장,서울 금천구 시흥대로63길 3,126.899356614936,37.4547902255421
썬노래방,서울 금천구 남부순환로 1388,126.90502237924294,37.47981057850929
콘서트7080,서울 금천구 시흥대로56길 17,126.9026743038748,37.45265309876273
부킹노래바,서울 금천구 시흥대로52길 49,126.901842620961,37.4534173709416
여우 노래바,서울 금천구 독산로 364,126.90402699293,37.4792907930458
블루노래방,서울 금천구 디지털로 203,126.888967091352,37.4788838598318
뉴월드,서울 금천구 가산로 155-1,126.889990218879,37.4789145501463
내일로가는7080,서울 금천구 시흥대로124길 6,126.89900540565,37.4697034687731
별노래바,서울 금천구 독산로 358,126.90402208559948,37.478707836233305
보물섬,서울 금천구 범안로 1252,126.900981410168,37.4662776965392
다인7080라이브,서울 금천구 금하로 640,126.9020016929814,37.454502322384
로마7080라이브,서울 금천구 범안로 1256,126.901538628026,37.4663259157177
명월노래빠,서울 금천구 시흥대로 240,126.90070091852498,37.45528331559453
소풍7080라이브,서울 금천구 금하로 632,126.90130525920057,37.45467293525727
타이타닉,서울 금천구 독산로78길 5-14,126.903373713427,37.4703558490258
슈퍼맨,서울 금천구 가산로 149,126.890384217457,37.4785328885315
따봉노래바,서울 금천구 독산로 175,126.90378119741,37.4628922072794
수피아노래바,서울 금천구 독산로 326,126.903725141968,37.4757540862549
썬노래방,서울 금천구 시흥대로123길 7,126.897271811911,37.470164192685
멤버스라이브,서울 금천구 가산로 146,126.891061669894,37.4783677294206
824노래빠,서울 금천구 가산로 147-18,126.8902095062922,37.47817232271857
광화문,서울 금천구 가산로 157,126.889901866049,37.4790288959752
신사리노래타운,서울 금천구 시흥대로52길 51,126.901750821955,37.4536110124246
에이팀바,서울 금천구 벚꽃로 308,126.88307419308997,37.48199746707839
아리조나7080,서울 금천구 금하로 631,126.901300368944,37.4549540471301
궁노래,서울 금천구 시흥대로52길 43,126.901849654072,37.4532245600191
종이연7080단란주점,서울 금천구 시흥대로 228,126.901097886341,37.4542276616054
비서실노래광장,서울 금천구 금하로 613,126.89943488557313,37.45457675216386
7080라이브놀이터,서울 금천구 금하로 639,126.9022296797364,37.45474488363441
원노래바,서울 금천구 남부순환로 1384,126.904474208105,37.4796803913146
궁전노래,서울 금천구 두산로 83,126.897179556022,37.4698424517572
황금노래하는곳,서울 금천구 독산로 351,126.903598792939,37.4781840053556
준코뮤직타운 노원점,서울 노원구 노해로 492,127.062690521257,37.654441486425
슈퍼모델,서울 노원구 노해로77길 14-3,127.0593093087052,37.65489192404238
논다노래타운 노원점,서울 노원구 노해로 490,127.062407181167,37.6544037953957
골드러쉬,서울 노원구 노해로75길 14-22,127.058702749776,37.6545426462921
고구려노래클럽,서울 노원구 노해로 447,127.05774585542211,37.653970093775456
딴따라,서울 노원구 동일로218길 17,127.061774399699,37.6538761527716
크로바,서울 노원구 상계로24길 10,127.06979793949338,37.65783149466527
럭셔리,서울 노원구 노해로 457,127.058791981272,37.654169595152
우수7080라이브,서울 노원구 동일로192길 10,127.073792713546,37.6256999652307
블루라이브7080,서울 노원구 노해로85길 17,127.064890551687,37.6562296474188
별난라이브주점,서울 노원구 화랑로 459,127.07812178844267,37.618748765135635
첫사랑,서울 노원구 상계로24길 23,127.07039492124852,37.6575563404674
라이브신바람7080,서울 노원구 노해로 494,127.063032839318,37.654537709122
바람,서울 노원구 상계로 97,127.065566670743,37.6570203357603
7080라이브마당,서울 노원구 덕릉로83길 20-7,127.074364328169,37.6604856990392
노다지,서울 노원구 상계로23길 11,127.06872101004362,37.65872680183205
궁노래연습장,서울 노원구 노해로85길 15-7,127.065517353365,37.6563527355004
게코노래타운,서울 노원구 노해로 490,127.062411705805,37.6543938822008
비틀즈7080,서울 노원구 동일로 1382,127.061554134383,37.6519950162549
분홍신,서울 노원구 상계로 136,127.06964642773164,37.65820459067192
놀이터7080라이브,서울 노원구 공릉로 95,127.078314448979,37.6188468450953
여울목,서울 노원구 상계로 136,127.06969741907551,37.658197352700945
추억의라이브마이웨이,서울 노원구 노해로75길 14-27,127.058933005891,37.654807420298
몰디브,서울 노원구 노해로75길 14-18,127.05839332574003,37.65447792913791
라이브꽐라타임7080,서울 노원구 한글비석로24길 15,127.071674977222,37.6616973816859
와노래방,서울 노원구 동일로218길 35,127.06280694912198,37.6540909423431
케이팝노래타운,서울 노원구 노해로81길 12-4,127.063081155475,37.6553891115441
더썸청춘포차,서울 노원구 노해로77길 22,127.059205260891,37.6551568650991
보물섬,서울 노원구 노해로75길 14-26,127.058896548668,37.6545623713106
나우에스제이역전상회,서울 노원구 노해로81길 12-21,127.063365984337,37.6558403509583
황궁,서울 노원구 노해로75길 14-2,127.057599921125,37.654296320764
평양7080라이브,서울 노원구 동일로242가길 46,127.056000579652,37.6779658510299
슈퍼모델룸크럽,서울 노원구 노해로77길 14-3,127.059226607905,37.6549244009554
메이저룸크럽,서울 노원구 노해로77길 22,127.059098755177,37.6551812450258
명노래방,서울 노원구 공릉로 188,127.07942827750853,37.62666666885608
엠노래주점,서울 노원구 노해로 490,127.062427562769,37.6543839630044
사랑의종J라이브,서울 노원구 동일로 1426,127.060543159622,37.6559814857266
그때그집,서울 노원구 중계로2길 88,127.0835026748,37.6435843580121
썸노래,서울 노원구 노해로85길 15-7,127.065457262761,37.6563212344876
아미가,서울 노원구 동일로 1393,127.06058601847,37.6529397472691
L.A단란주점,서울 노원구 노해로81길 12-21,127.063380663807,37.6557781753043
보스노래밤,서울 노원구 노해로 490,127.062410586145,37.6544101004708
관광열차,서울 노원구 한글비석로24길 37,127.072398754914,37.662422229497
그린라이트파티 노원점,서울 노원구 노해로 482,127.061715800095,37.6542726157063
칠칠단란주점,서울 노원구 노해로81길 12-21,127.063448732646,37.6558646329978
준코뮤직타운 창동점,서울 도봉구 노해로 381,127.050468446937,37.6525552850839
아레나,서울 도봉구 마들로11길 65,127.049710885179,37.6533845107637
두바이무도장,서울 도봉구 마들로11가길 16,127.048965821486,37.65256312622
베이스캠프,서울 도봉구 도봉로 909,127.0457224578,37.6856087768723
만남의광장,서울 도봉구 도봉로156길 32,127.046156516123,37.6725552291729
폭스셔츠&레깅스룸,서울 도봉구 마들로11가길 15,127.04925825037047,37.652656706676765
낙원7080,서울 도봉구 방학로 125,127.038375547634,37.6626661533802
베트남가라오케,서울 도봉구 노해로69길 21-11,127.049981575087,37.6531618536872
워싱턴,서울 도봉구 도봉로 700,127.04348377893747,37.66686205065611
일번지노래방,서울 도봉구 도당로13길 52,127.034147747807,37.666807460187
백악관,서울 도봉구 도봉로145길 8,127.042171173035,37.6646785500415
갤럭시메들리,서울 도봉구 도봉산길 53,127.039730343947,37.6868615046442
명동주점,서울 도봉구 마들로11길 65,127.0496678445039,37.65341696427029
신세계룸클럽,서울 도봉구 노해로69길 15,127.050672710403,37.6529768574051
아지트,서울 도봉구 방학로 110,127.040089374111,37.6630142630695
유토피아,서울 도봉구 도봉로 697,127.042779801304,37.666649676671
왕과비,서울 도봉구 노해로65길 17,127.0460101215502,37.65207778535252
간만에,서울 도봉구 시루봉로 301,127.042654438684,37.6713915808497
아바타노래장,서울 도봉구 노해로69길 21-11,127.050110734292,37.6531212546808
기모찌 노래룸,서울 도봉구 노해로 389,127.05133435714926,37.65276033550696
대박단란주점,서울 도봉구 도봉로 508,127.036275260354,37.6506648353264
해피타운,서울 도봉구 마들로 695,127.046412435042,37.6721469849528
토끼와여우,서울 도봉구 도당로 145,127.04252853224254,37.66726333526463
7080라이브명동클럽,서울 도봉구 마들로11길 65,127.049683773792,37.653513362696
시크릿노래주점,서울 도봉구 노해로65길 11,127.046229787712,37.6517965928396
동경,서울 도봉구 노해로 379,127.05030300869433,37.652569771467746
보물성,서울 도봉구 방학로 146,127.035972938867,37.662900264685
금강산라이브7080,서울 도봉구 노해로63길 79,127.046343863537,37.6530137757485
애송이뮤직타운,서울 도봉구 마들로11가길 16,127.048972649119,37.6526063705551
람바다,서울 도봉구 도봉로 572,127.03928428115404,37.6557949677467
프렌드,서울 도봉구 도봉로 493,127.03494218521584,37.64968496809633
팝콘,서울 도봉구 노해로69길 15-15,127.049976815794,37.6528239872181
명월관노래주점,서울 도봉구 노해로65길 11,127.046267263042,37.6519254186852
에스비에스,서울 도봉구 노해로69길 15-15,127.049912195725,37.6527834703619
창동주점,서울 도봉구 노해로69길 15-15,127.0499836090106,37.65281497451348
제니7080,서울 도봉구 덕릉로 238,127.03866247275,37.6389792167352
불티모아,서울 도봉구 도당로13길 29,127.03483189015,37.665855824596
오렌지,서울 도봉구 마들로11가길 13-6,127.049557445708,37.6526998285351
7080라이브작은음악회,서울 도봉구 방학로 184,127.031740762129,37.662431167242
부들노래타운,서울 도봉구 마들로11가길 12,127.048818698247,37.652858709513
코리아노래장,서울 도봉구 마들로11가길 13-6,127.04961866289,37.6527358421092
은하수단란주점,서울 도봉구 방학로 135,127.037219520873,37.662665622829
발리노래방,서울 도봉구 노해로 389,127.051328653898,37.6527062790289
엠비씨,서울 도봉구 마들로11길 71,127.049338021926,37.6533324103081
동경노래주점,서울 도봉구 덕릉로 239,127.038250176056,37.6392036963413
준코뮤직타운 장안점,서울 동대문구 장한로 92,127.069808737461,37.5688111100206
잭펍 홀덤펍 회기점,서울 동대문구 회기로 190,127.056947838656,37.5898219835407
라벤드,서울 동대문구 장한로 92,127.06976673821701,37.56868499548642
게코노래타운,서울 동대문구 장한로 116,127.071091913512,37.5707312662185
카톡노래타운,서울 동대문구 왕산로 266,127.05063066051605,37.5843134898632
초콜렛7080,서울 동대문구 사가정로 238,127.071281619744,37.5785580912885
율아라이브7080,서울 동대문구 장한로 201,127.071771767319,37.5785118436105
하트,서울 동대문구 전농로16길 12,127.057902427958,37.5782563710251
수7080라이브,서울 동대문구 한천로 174,127.067933284907,37.5764697593315
7080꿈의대화라이브,서울 동대문구 사가정로 123,127.05863679339461,37.577805511506945
조아죽네,서울 동대문구 장한로 111,127.07031637250985,37.57057675952832
911,서울 동대문구 장한로24길 7,127.071502974908,37.5708968010611
첼로,서울 동대문구 장한로21길 8,127.06974323782255,37.57018877057476
스카이24시노래방,서울 동대문구 장한로 96,127.070110050876,37.5690442892775
캔디노래바,서울 동대문구 장한로 122,127.071432022434,37.5712752619497
쉬리노래장,서울 동대문구 천호대로 15,127.02520459244964,37.574873834977055
월드컵노래하는호프,서울 동대문구 서울시립대로 64,127.048356869222,37.576703749227
썸&썸노래바,서울 동대문구 장한로 111-1,127.070447781045,37.5706838996082
텐프로빠,서울 동대문구 장한로 106,127.0705025024183,37.56989369415301
하트,서울 동대문구 장한로24길 8,127.07130349284834,37.57062842517307
필라이브,서울 동대문구 장한로24길 13,127.07175759820198,37.57082456696632
아마죤7080,서울 동대문구 천호대로 128,127.037686969601,37.5739019407109
딴따라7080,서울 동대문구 한천로 106,127.065204407529,37.5705499607837
아지트7080,서울 동대문구 장한로21길 11-4,127.06904101689167,37.56974679466753
토토노래주점,서울 동대문구 왕산로 244-2,127.0491013232136,37.58293201228091
허니클럽,서울 동대문구 장한로 114,127.070969514359,37.5705763686984
서울서울단란주점,서울 동대문구 홍릉로 71,127.042783747106,37.5865699782405
초이스노래클럽,서울 동대문구 장한로22길 7,127.070801120927,37.5696646626433
문노래주점,서울 동대문구 장한로2길 8,127.065714147598,37.5619370589168
25시노래방,서울 동대문구 장한로 106,127.070502502418,37.569893694153
메이드바,서울 동대문구 장한로24길 7,127.071502974908,37.5708968010611
팝콘노래방,서울 동대문구 장한로2길 15,127.0660890104834,37.56219363367257
세시봉,서울 동대문구 왕산로 278,127.05142268135904,37.585234863394795
피아노클럽,서울 동대문구 장한로21길 8,127.06976022808387,37.570200473480234
열린노래방,서울 동대문구 천호대로 291-1,127.053488065858,37.5666347179805
스타,서울 동대문구 장한로24길 8,127.071303492848,37.570628425167
도레미큐,서울 동대문구 왕산로 273,127.050760299911,37.5851558627038
신선노래연습장,서울 동대문구 황물로 179,127.057469930041,37.5649407764344
놀이터7080라이브,서울 동대문구 장한로 109,127.070175875702,37.5704344858909
망고노래방,서울 동대문구 천호대로 425,127.06646897160759,37.561815902844245
월드컵,서울 동대문구 고산자로34길 40,127.040622225797,37.5779725610996
용두차차차단란주점,서울 동대문구 고산자로 428,127.038612663423,37.5777200561565
수클럽,서울 동대문구 이문로 36,127.056563513473,37.5906691010131
가왕,서울 동대문구 신이문로 34,127.065776198687,37.6028880738338
아마란스노래주점,서울 동대문구 하정로3길 10,127.025956487876,37.575534101096
준코뮤직타운 이수점,서울 동작구 사당로 307,126.98153377991984,37.48547320763395
7080라이브,서울 동작구 사당로30길 150,126.980602850538,37.4782037187553
로마룸섹시클럽,서울 동작구 동작대로 53,126.981498637159,37.4812600856646
7080쎄시봉,서울 동작구 노량진로 86-1,126.935428145437,37.5130683370922
라이브별밤,서울 동작구 상도로15길 134,126.93822993011328,37.50475176080293
가원노래바,서울 동작구 노량진로8길 26,126.936776825148,37.5125744154673
별밤,서울 동작구 노들로2길 7,126.93939387993753,37.51431652686158
우주노래방,서울 동작구 여의대방로24가길 22,126.92113209152465,37.499251755687645
울리불리7080,서울 동작구 상도로 275,126.94826285662944,37.502950966152696
레이싱걸섹시클럽,서울 동작구 동작대로 53,126.98151220474466,37.48125918677935
던힐노래방,서울 동작구 노량진로 90,126.935629466001,37.5130846650412
샤방샤방,서울 동작구 상도로 210,126.942112330002,37.5050267317414
칼포니,서울 동작구 보라매로5가길 16,126.924107547363,37.4913320543184
벤츠,서울 동작구 동작대로27가길 31,126.981203448827,37.48616512991
힐링노래주점,서울 동작구 사당로 252,126.975722857533,37.4831295344019
야간열차,서울 동작구 상도로 88,126.930622136824,37.4996181126385
여우미스룸,서울 동작구 상도로 105,126.93197817129895,37.500757772731454
친한친구노래장,서울 동작구 여의대방로24길 134,126.927528555869,37.4990648396225
퇴근길,서울 동작구 동작대로3길 6,126.98112961891887,37.478506543223745
센스,서울 동작구 노량진로8길 35,126.93735024167965,37.51262697923188
굿타임노래빵,서울 동작구 동작대로27가길 37,126.98119445211,37.4859705106978
놀자,서울 동작구 동작대로27가길 46-5,126.98068803434255,37.48546946839384
케이2,서울 동작구 동작대로 103,126.981702173245,37.4857912897669
땡벌미인룸클럽,서울 동작구 동작대로7길 4,126.981503439453,37.4801248149939
파파코노래방,서울 동작구 상도로 179,126.938534152173,37.5047618305498
볼보노래방,서울 동작구 동작대로25길 37,126.98051277307535,37.485493766841515
시바스노래방,서울 동작구 노량진로8길 33,126.93724277341886,37.512644942263385
궁전,서울 동작구 노량진로8길 49,126.93803357705643,37.51243452482176
아우디,서울 동작구 사당로 293,126.980068563088,37.4849431766242
고래노래방,서울 동작구 노량진로 125,126.94004359712233,37.51374291899219
해성,서울 동작구 동작대로3길 10,126.98082437571365,37.47846234461931
필단란주점,서울 동작구 사당로 256,126.976184122777,37.4832449573906
개구리노래방,서울 동작구 상도로62길 35,126.953391605731,37.4957801911346
주주노래방,서울 동작구 동작대로27가길 45,126.981173077178,37.4855398253305
라이브캐슬,서울 동작구 보라매로5길 51,126.923162833694,37.4907403828954
1.2부노래방,서울 동작구 동작대로 45,126.9815349626863,37.480667227409256
쌕쌕노래방,서울 동작구 동작대로 39,126.981521566272,37.4799734482906
내스타일,서울 동작구 동작대로 105,126.9818072945484,37.48592375421704
필노래바,서울 동작구 서달로14길 34,126.96476570459,37.5074188193489
룸가요장,서울 동작구 노량진로 148,126.942411196386,37.5134828059082
파파코단란주점,서울 동작구 동작대로1길 33,126.979523430871,37.4772052180745
기쁨조,서울 동작구 동작대로3길 8,126.980952132809,37.4784524541805
굿타임노래주점,서울 동작구 상도로 78,126.929147511272,37.4995595730244
비전힐,서울 동작구 사당로 287,126.9795428473826,37.484776400209114
일번지단란주점,서울 동작구 상도로 206,126.94151275879653,37.50497302654187
파레스노래타운 홍대점,서울 마포구 홍익로 29,126.92164312699516,37.55453125881095
줄리아나,서울 마포구 동교로 226,126.92403335504119,37.56006944835887
국일관,서울 마포구 양화로 120,126.920409097486,37.5538952301115
어텐션,서울 마포구 와우산로17길 11,126.922395816667,37.5500727172522
몽,서울 마포구 홍익로5길 31,126.92093120201025,37.55363968986142
플러팅,서울 마포구 양화로 128,126.92099937025,37.5543497293216
소리야노래타운,서울 마포구 와우산로17길 18,126.92200169031,37.5503715889758
유앤미노래타운,서울 마포구 홍익로5길 25,126.92107466402261,37.55378034916983
애플,서울 마포구 토정로 314,126.943572359505,37.5396475619375
오너뮤직타운,서울 마포구 어울마당로 58,126.9212958175372,37.550104425116615
강변연가,서울 마포구 토정로 128,126.92535678599,37.5449641617583
노래타운 베리굿 홍대본점,서울 마포구 잔다리로 5-1,126.92231502430568,37.550501539278216
비너스7080,서울 마포구 신촌로18길 15,126.93507977315511,37.554830433437814
신세계,서울 마포구 신촌로12가길 37,126.934658259087,37.5554176513156
신세계,서울 마포구 양화로 100,126.918739962864,37.5527264001236
벙커버스터,서울 마포구 포은로 110,126.904719898136,37.5568028434198
보스,서울 마포구 월드컵북로2길 5,126.92132145057745,37.5558627191497
믹스믹스,서울 마포구 만리재로 15,126.95266981406517,37.54464129439998
웰빙술마시는노래방,서울 마포구 어울마당로 55-1,126.920847675834,37.5501113335466
나인,서울 마포구 양화로 124,126.92086024351,37.5542793583403
뮤즈,서울 마포구 어울마당로 56,126.921246191707,37.5499458163358
여인천하노래주점,서울 마포구 동교로 39,126.906590082698,37.5527534533218
가라오케잼,서울 마포구 어울마당로 45-1,126.920527117079,37.5493290517075
신나는노래시대,서울 마포구 월드컵북로2길 7,126.921439025613,37.5559826300865
한강단란주점,서울 마포구 독막로 2,126.913584294474,37.5485276921776
잘난남자노래바,서울 마포구 연희로 1,126.926080802258,37.5589084620615
가야노래타운,서울 마포구 창전로 38,126.9321975698783,37.54575666195582
7080라이브옛사랑,서울 마포구 월드컵북로 20,126.92014698756,37.5566584123002
우주 후카바 홍대점,서울 마포구 잔다리로6길 20-8,126.920345610223,37.5518733482106
에이스,서울 마포구 서강로 131,126.93503717748737,37.554358287254
오렌지노래방,서울 마포구 월드컵북로 7,126.9206879470935,37.555607313050594
올인단란주점,서울 마포구 신촌로 236-1,126.951927552371,37.5568999771387
신세계클럽,서울 마포구 신촌로18길 9,126.935163377847,37.5549953619333
가보자,서울 마포구 월드컵로1길 11,126.912288631344,37.5494493591698
화조샘밭,서울 마포구 백범로 105,126.943060519586,37.5476184573866
옥수수,서울 마포구 동교로 162,126.919927405811,37.5556212156851
바바,서울 마포구 홍익로5길 45,126.920246899501,37.5531743224974
클럽온,서울 마포구 잔다리로 3,126.92265788402364,37.55053329928896
포시즌,서울 마포구 잔다리로6길 39,126.921356740016,37.5524362486977
라이언엔뮤지션클럽,서울 마포구 어울마당로5길 25-10,126.918714513624,37.5490665283
돌아온배호가요주점,서울 마포구 백범로 96,126.942093002309,37.5476008679098
캐슬,서울 마포구 서강로 137,126.935571118803,37.5546243741202
카라,서울 마포구 신촌로34길 3,126.954533877273,37.5570776050061
쇼킹,서울 마포구 성미산로 7,126.909154460769,37.5583776775241
사거리노래주점,서울 마포구 독막로 248,126.940971409957,37.5463713501691
준코뮤직타운 연세대점,서울 서대문구 연세로4길 7,126.937300627262,37.5570408793447
바플라이달밤,서울 서대문구 연세로7안길 13,126.936054891532,37.5579799513103
세시봉,서울 서대문구 연세로5가길 32,126.934900970137,37.5574216034863
연인노래타운,서울 서대문구 연세로4길 12,126.93774317424,37.5570050736251
라운딩,서울 서대문구 신촌로 155,126.943244692062,37.5569429745156
베리굿,서울 서대문구 연세로4길 12,126.93774317424,37.5570050736251
귀족,서울 서대문구 연세로5다길 5,126.935042359878,37.5562107410061
별천지,서울 서대문구 응암로 116,126.913685191747,37.5827043395885
스팀펑크락 라이브펍,서울 서대문구 연세로9길 13,126.93607712364,37.5584520858105
팡팡디스코메들리,서울 서대문구 수색로 32,126.915117631452,37.569496802917
소리야노래타운,서울 서대문구 연세로4길 12,126.937685438903,37.557023964117
샴푸노래클럽,서울 서대문구 연세로 10,126.93709068551468,37.556368623671176
터치노래타운,서울 서대문구 연세로4길 12,126.937687700916,37.5570257673053
모카,서울 서대문구 신촌로 87-4,126.936265082789,37.5556960368354
동경노래방,서울 서대문구 신촌로 17,126.929064925606,37.5581318312139
양지노래방,서울 서대문구 수색로 20,126.916322778817,37.5688201147942
야간열차,서울 서대문구 신촌로 227,126.951175768317,37.5573573752873
연인노래바,서울 서대문구 연세로4길 12,126.93774317424,37.5570050736251
퀸노래방,서울 서대문구 충정로 71,126.96568596984714,37.565031768015295
미라보관광호텔 단란주점,서울 서대문구 신촌로 149,126.942484127341,37.556975042374
고국산천7080,서울 서대문구 수색로2길 18,126.916188288793,37.5696426280842
송송노래팡,서울 서대문구 연희로 89,126.93019249505315,37.566277511062474
쌍쌍메들리,서울 서대문구 수색로2길 15,126.915973369653,37.5695082270285
일번지,서울 서대문구 통일로 191,126.961762398388,37.570400496927
아마존,서울 서대문구 신촌로 283,126.957664047477,37.5575599014272
스타노래팡,서울 서대문구 연희로 87,126.930077185615,37.5661233725392
비비킹,서울 서대문구 연세로2가길 22,126.937753446986,37.5569005633634
청춘7080,서울 서대문구 연희로 261,126.935927034226,37.5804056574096
마징가LIVE노래장,서울 서대문구 통일로 452,126.944003707749,37.5892169719527
별빛노래바,서울 서대문구 증가로10길 59,126.925104832425,37.5796271356443
홍제단란주점,서울 서대문구 통일로 474,126.942440185994,37.5905469854235
노래하는피카소,서울 서대문구 모래내로 359,126.935935933948,37.5819103214947
대박라이브,서울 서대문구 응암로 94,126.91256957188,37.5811583150117
쉘브르,서울 서대문구 수색로 42,126.91425966162325,37.570444930830405
나이스,서울 서대문구 연세로4길 12,126.93774317424,37.5570050736251
여명룸클럽,서울 서대문구 신촌로 155,126.943131491848,37.5569753559501
길,서울 서대문구 연희로 151,126.933942858756,37.570964845494
스타노래바,서울 서대문구 응암로 100,126.912837442426,37.5815378313343
도너츠노래팡,서울 서대문구 응암로 126,126.91425141351532,37.583561596744254
팡팡노래팡,서울 서대문구 연희로 36,126.927494957851,37.5618393802346
퍼시픽 가라오케,서울 서대문구 연세로4길 12,126.937726215887,37.5569834407538
와이키키노래천국,서울 서대문구 통일로 189,126.961970766903,37.5702275731308
노빈룸노래크럽,서울 서대문구 연세로2가길 6,126.937609138248,37.556233749168
황금라이브,서울 서대문구 응암로 78,126.911527347795,37.5798123551258
북치고 장구치고,서울 서대문구 수색로2길 12,126.91627233225373,37.569393112042604
준코뮤직타운 강남1호점,서울 서초구 서초대로73길 50,127.024029820796,37.5016795225632
준코뮤직타운 강남2호점,서울 서초구 강남대로69길 11,127.02412020321242,37.50139568728717
큐브뮤직타운 강남점,서울 서초구 서초대로77길 58,127.02438295894,37.5025732479342
유앤미가라오케,서울 서초구 나루터로 64,127.01698720841499,37.51504625095827
파티플레이 뮤직타운 강남역점,서울 서초구 서초대로77길 37,127.02518542579226,37.50109362801218
토요일토요일은가요다,서울 서초구 서초대로77길 45,127.0248836763501,37.50170907898161
신세계,서울 서초구 반포대로14길 54,127.013865581107,37.4859414604344
작은음악회7080라이브,서울 서초구 방배천로4길 18,126.983507359544,37.4778365480076
리멤버,서울 서초구 반포대로18길 56,127.01340108056212,37.487120933747214
플레이노래타운,서울 서초구 강남대로69길 11,127.024267248396,37.5014758466955
크라운,서울 서초구 사평대로 369,127.02338607714518,37.504506106429055
7080라이브아지트,서울 서초구 방배천로2안길 15,126.983802486423,37.4776041283693
보물섬,서울 서초구 반포대로12길 29,127.01283427855684,37.48524870157187
화수분 노래방,서울 서초구 서초대로51길 15,127.014067462831,37.4952767758502
타이밍,서울 서초구 효령로79길 21,127.029395453135,37.4915185586571
피터팬,서울 서초구 효령로53길 18,127.013970653703,37.4855062610542
레드라이트,서울 서초구 서초대로77길 39,127.025049727417,37.5011269940773
샤르망,서울 서초구 효령로55길 28,127.01447957951,37.4861324005386
볼륨,서울 서초구 신반포로45길 26,127.01870342481,37.5117257916903
잼,서울 서초구 반포대로30길 11,127.009237278163,37.4917759386291
조아,서울 서초구 나루터로15길 30-8,127.017754627761,37.5172319729504
라이브콘서트7080,서울 서초구 남부순환로 2561,127.030579837154,37.4843489378723
솜노래팡팡,서울 서초구 서초대로50길 75,127.013840302265,37.4898815712466
럭셔리라이브바,서울 서초구 신반포로47길 28,127.019259971785,37.5119554583511
마인드,서울 서초구 효령로55길 15,127.014200172573,37.4854602822589
7080라이브팽고팽고,서울 서초구 강남대로99길 61,127.016288028021,37.5143732995616
SBS,서울 서초구 방배중앙로27길 9,126.985310615916,37.4951109148888
멜로디노래바Q,서울 서초구 강남대로 321,127.029973300155,37.4915796819622
놀러와,서울 서초구 남부순환로 2121-3,126.98460875431377,37.47672845481317
아쿠아,서울 서초구 반포대로12길 49,127.0139830510228,37.485290918591666
SBS노래빵,서울 서초구 방배중앙로27길 9,126.985312877561,37.4951109151772
토마토2,서울 서초구 논현로17길 20,127.044702529154,37.4761119186107
지노노래방,서울 서초구 서초대로50길 19,127.01303790151469,37.49233961091659
비타민,서울 서초구 서초대로 266,127.010995742509,37.4925506543391
피닉스,서울 서초구 강남대로37길 28,127.031997975798,37.4850306256969
우리,서울 서초구 서초중앙로12길 3,127.0150768798,37.4876126821687
함지박쉘브루7080,서울 서초구 동광로 70,126.990270730751,37.492586805723
토마토,서울 서초구 논현로19길 11,127.044832729154,37.4764272226696
사파리,서울 서초구 논현로19길 17,127.044570323884,37.4762254957753
봄가을라이브,서울 서초구 방배중앙로 178,126.986190420339,37.4949776719977
라이브쨈,서울 서초구 나루터로15길 13,127.018107322939,37.5162984797293
불타는청춘들7080라이브,서울 서초구 강남대로 521-4,127.022122839512,37.5085059114595
방배 제이엠씨,서울 서초구 동작대로 10,126.982047907774,37.477402048684
티이노래주점,서울 서초구 서초대로73길 7,127.025308829326,37.4981401034411
콜노래바,서울 서초구 서초대로78길 32,127.027999123263,37.4950003893763
장영라이브7080,서울 성동구 왕십리로 289,127.03609089150021,37.55994961782953
왕코뮤직타운,서울 성동구 왕십리로24길 12,127.034290687207,37.5634928731941
별밤노래광장,서울 성동구 왕십리로22길 6,127.034514365553,37.5625629796873
7080라이브딴따라,서울 성동구 아차산로 87,127.05404438569441,37.54546462855386
페라리,서울 성동구 왕십리로24길 8,127.03408336480486,37.563069464910456
똥파리,서울 성동구 왕십리로 327,127.033257946721,37.5623939529483
테마,서울 성동구 왕십리로24길 5,127.03373359715579,37.56301100060237
월드컵노래주점,서울 성동구 고산자로 293,127.036211419381,37.5657772260547
빵빵,서울 성동구 광나루로 323,127.06565135790315,37.54842213085731
와이제이,서울 성동구 무학로2길 32,127.033252664758,37.5632426931187
골드 노래주점,서울 성동구 왕십리로 328,127.033400750638,37.562824588967
시크릿노래주점,서울 성동구 성덕정길 72-4,127.051418416937,37.537858661088
큐브 여성전용,서울 성동구 천호대로 432,127.066853973745,37.5607507074933
7080라이브,서울 성동구 마장로 309,127.043582909867,37.5668487220949
W노래클럽,서울 성동구 무학로2길 48,127.034725966292,37.5624475900847
VIP노래뱅크,서울 성동구 무학로2길 45,127.03464004996447,37.562671062459266
2070술마시는노래주점,서울 성동구 왕십리로 284,127.03688302105418,37.55968267794346
야시단란주점,서울 성동구 고산자로 341,127.037377152054,37.5700800181464
쎄븐,서울 성동구 광나루로 315,127.06482520179597,37.54834329942706
오렌지노래,서울 성동구 왕십리로20길 8,127.03504628693246,37.562469119352244
베스트노래방,서울 성동구 무학로2길 38,127.03367024287435,37.56307589043098
땡벌,서울 성동구 왕십리로22길 3,127.03426425509718,37.56262071630865
도깨비,서울 성동구 성덕정길 71,127.05140728225926,37.53812085700013
헤라,서울 성동구 무학로2길 43,127.034394516324,37.5628369175966
사파리,서울 성동구 왕십리로24길 1-1,127.033588644186,37.5628407535985
산타페노래클럽,서울 성동구 무학로2길 44,127.034362742722,37.5626585295443
앤노래클럽,서울 성동구 무학로2길 41,127.034326632072,37.562894601127
황금,서울 성동구 무학로2길 36,127.033534441617,37.5631218798996
나래울,서울 성동구 뚝섬로 440,127.05929089716791,37.53751619482466
지연단란주점,서울 성동구 독서당로 307-1,127.023044441146,37.5483624490462
엠비씨노래주점,서울 성동구 무학로2길 46,127.034570907644,37.5624548435619
로젠노래방주점,서울 성동구 왕십리로 363,127.02974083451,37.5640094769013
폭스,서울 성동구 천호대로 426,127.06625530209207,37.5608159167208
V노래주점,서울 성동구 청계천로12가길 75-3,127.037567843594,37.5711215081587
씨스타 노래,서울 성동구 아차산로 96,127.054505502469,37.5446832503735
대부단란주점,서울 성동구 왕십리로 363-1,127.029564268163,37.5640203332031
카스카스,서울 성동구 금호로 90,127.02577949274999,37.55138833746823
가요무대,서울 성동구 왕십리로 291-2,127.035928019383,37.5601731147335
금호7080주점,서울 성동구 금호로 86,127.02577941734,37.551169394914
올리브노래주점,서울 중구 퇴계로 457,127.022633216836,37.5656040146796
아이비노래클럽,서울 중구 난계로11길 6,127.023176628735,37.5659462877507
아리랑,서울 동대문구 무학로 112,127.030904089253,37.5742408832508
명성노래짱,서울 중구 퇴계로 439-4,127.020739652568,37.5659034931935
매니아가요주점,서울 동대문구 무학로 115-1,127.0303982424801,37.574647363195595
워커힐,서울 성북구 동소문로42길 28-2,127.027532980607,37.6050880928339
리미널스페이스,서울 성북구 고려대로26길 42-15,127.029092197414,37.5841748022906
개코소주호프뮤직타운 성신여대입구점,서울 성북구 동소문로20가길 14,127.0172708546014,37.59235903773739
옥류정,서울 성북구 동소문로40길 15,127.026441139952,37.6047351544017
놀이터7080라이브,서울 성북구 화랑로40길 53,127.06424073442011,37.61358546600688
올챙이주점,서울 성북구 보문로 78,127.02130686801864,37.58227987324894
포시즌,서울 성북구 동소문로20길 29-11,127.017434828894,37.5914670315018
공간주점,서울 성북구 돌곶이로 143,127.05245435761215,37.614633737315856
카니발,서울 성북구 아리랑로 3,127.016182853229,37.5929664604966
7080나팔바지,서울 성북구 보문로32길 12,127.017282607685,37.5893226922443
무학성단란주점,서울 성북구 돌곶이로 91,127.056474827346,37.6111540652039
레드제플린,서울 성북구 동소문로20길 28-8,127.016331965763,37.5913590701981
쎄시봉7080,서울 성북구 동소문로20가길 28,127.01791634823597,37.59272204128698
7080라이브가을,서울 성북구 동소문로20길 29,127.016907151328,37.5913094346421
아방궁,서울 성북구 동소문로 266-11,127.025947236071,37.6043244125323
팝콘,서울 성북구 종암로 174,127.031795778657,37.6053789421201
금화,서울 성북구 보문로 68,127.021741352842,37.581396820306
찬스,서울 성북구 한천로 579,127.062084505335,37.6111827819813
대명,서울 성북구 보문로 70,127.021650856846,37.5816527191322
서광노래주점,서울 성북구 동소문로 225-9,127.02157075753004,37.60224490694849
일송정,서울 성북구 동소문로 266-11,127.025947236071,37.6043244125323
신바람7080,서울 성북구 동소문로 32,127.009710200215,37.5897524304791
순정4-29,서울 성북구 동소문로 280-10,127.027220400274,37.6050485217815
밀라노7080라이브,서울 성북구 종암로21길 53,127.032883234266,37.6008367519676
7080엘리스라이브,서울 성북구 돌곶이로 65,127.058310536432,37.6094494020015
뮤즈노래연습장,서울 성북구 보문로 167,127.01605634181534,37.58912194410169
새서울,서울 성북구 동소문로 280-8,127.027120767806,37.605120623921
여장부,서울 성북구 종암로 167,127.03117265641352,37.60477274207675
켄트,서울 성북구 보문로 58-1,127.02210682073871,37.58069037335867
로망스,서울 성북구 삼선교로 10,127.006911084646,37.5877344042495
하이트일번지노래,서울 성북구 보문로 43-4,127.022125711556,37.5794902460012
7080마이웨이,서울 성북구 보국문로 13-1,127.011037324427,37.605923303085
다원,서울 성북구 동소문로 274-5,127.026690330567,37.6048612369194
파카소,서울 성북구 동소문로 266-11,127.02592006545952,37.60434964622664
중년메들리,서울 성북구 돌곶이로 43,127.059856378327,37.6079232530744
동숭골,서울 종로구 동숭2길 2,127.004397134899,37.5806563217292
샤갈노래주점,서울 종로구 지봉로 18,127.015974498818,37.5717210616549
탬버린,서울 종로구 종로46길 1,127.01102769674941,37.571379249217856
위드노라바,서울 종로구 종로48길 15-4,127.0120442441805,37.57159178474823
레이스,서울 종로구 지봉로 26-1,127.01590672068592,37.572382401201104
발리노래밤,서울 종로구 종로66길 15,127.022015454489,37.5741383601233
아레나,서울 종로구 종로 263,127.0071042701838,37.57135252065871
뉴스타노래터,서울 종로구 율곡로 232,127.004351562107,37.5757044594791
준코뮤직타운 방이점,서울 송파구 오금로11길 23,127.109868362514,37.5151279208269
준코뮤직타운 신천점,서울 송파구 올림픽로12길 4-25,127.08140263305127,37.51108924325471
헤라,서울 송파구 백제고분로7길 39,127.083047013992,37.5109223138214
몽키뮤직타운 잠실새내점,서울 송파구 올림픽로 98,127.08142548235314,37.511299161486015
꽃길노래,서울 송파구 올림픽로8길 10,127.079952338133,37.5108343486279
윈가라오케,서울 송파구 삼학사로 98,127.09760746943573,37.50595024865068
동경노래,서울 송파구 송파대로28길 12,127.11944995230111,37.493731465468244
클래스,서울 송파구 송파대로28길 5,127.118740000087,37.4938520150289
레이크7080라이브,서울 송파구 백제고분로41길 45,127.10539909495625,37.50935745975158
뉴코 노래타운 가락점,서울 송파구 송파대로28길 6,127.119033459267,37.4935057331851
쉘부르 7080라이브주점,서울 송파구 송파대로49길 33,127.101088321928,37.5065509943684
아이엠,서울 송파구 오금로11길 23-8,127.110065705777,37.5154872374359
썸,서울 송파구 올림픽로32길 22-5,127.10926581868,37.5138130146708
바나나,서울 송파구 송파대로28길 20,127.120221821701,37.4941451455208
헤븐,서울 송파구 올림픽로30길 6,127.107790594302,37.5152019155053
비타민가라오케,서울 송파구 송파대로28길 11,127.119267272886,37.4940524083642
아미라이브카페,서울 송파구 백제고분로46길 43,127.115689787836,37.5067628475748
그린7080라이브,서울 송파구 마천로 254,127.145218041987,37.4986770551801
아지트노래방,서울 송파구 오금로15길 12,127.10960574485178,37.51267293007966
렉스노래주점,서울 송파구 송파대로28길 12,127.11944882006621,37.493730565599265
쉘부르7080,서울 송파구 백제고분로46길 8,127.111971246778,37.5083972490945
붐7080,서울 송파구 오금로36길 23-1,127.124401003548,37.5014741057987
스케치,서울 송파구 가락로 137,127.110989668991,37.5023866710544
티파니노래주점,서울 송파구 송파대로30길 8,127.118404772333,37.4942451903407
궁노래방,서울 송파구 위례성대로18길 27-6,127.12540990292,37.5096595678508
뉴코뮤직타운 신천점,서울 송파구 올림픽로12길 4-23,127.081606234085,37.5110981128168
색연필,서울 송파구 올림픽로32길 12,127.109026584633,37.5149755302479
벤츠노래방,서울 송파구 송파대로28길 13,127.119417992607,37.4942549825733
피아노노래주점,서울 송파구 마천로 70,127.128039545492,37.5076565173392
스케일클럽,서울 송파구 올림픽로12길 4-15,127.08203600133933,37.511064477958776
둥지,서울 송파구 마천로 183,127.13949279507311,37.50313401941489
뉴코뮤직타운 가락점,서울 송파구 송파대로28길 6,127.119024412901,37.4935057423068
콘서트호프라이브,서울 송파구 송파대로49길 37,127.100567750768,37.506317177468
거북이노래주점,서울 송파구 송파대로28길 13,127.119474413836,37.4941801419813
쥬얼리노래방,서울 송파구 송파대로45길 12,127.104476144658,37.5060939401861
호박노래주점,서울 송파구 송파대로28길 32,127.121301567444,37.4947360030337
훼미리노래타운,서울 송파구 송파대로30길 8,127.118385724964,37.4943569342275
부킹노래바Q,서울 송파구 백제고분로7길 51,127.084679077242,37.510871599863
이정라이브(7080),서울 송파구 오금로 496,127.143741682435,37.4930709993567
셔츠,서울 송파구 올림픽로32길 9,127.109110725644,37.5152763876831
라이브바비싱,서울 송파구 백제고분로31길 5,127.095270664988,37.5031320104603
레벨업홀덤스타디움,서울 송파구 올림픽로10길 13-1,127.081336183778,37.5103081183422
에이스뮤직타운,서울 송파구 올림픽로12길 4-15,127.082203392582,37.511058955567
여고시절,서울 송파구 백제고분로40길 32,127.107686695531,37.5019320174702
K바,서울 송파구 오금로11길 24,127.109825039218,37.5148955022403
팜므7080라이브,서울 양천구 신정중앙로 95,126.862552998312,37.5266156591897
발리7080라이브,서울 양천구 목동로 213,126.863895373772,37.5274992940998
7080라이브메들리청기와,서울 양천구 월정로 7,126.843808468422,37.5206808853704
한강메들리,서울 양천구 가로공원로 121,126.82937588027353,37.53636265718441
썸노래방,서울 양천구 중앙로 273,126.852399875083,37.5207378854956
황금단란주점,서울 양천구 오목로 318,126.87262945225324,37.52462493053651
강남노래방,서울 양천구 중앙로 264,126.853319867206,37.5199966057655
라이브7080샤넬,서울 양천구 은행정로 20,126.859847485543,37.5214839776403
힐링,서울 양천구 오목로 229,126.862885437303,37.5260862567717
킹노래바,서울 양천구 공항대로 564,126.86787229567,37.5490944647505
팡팡노래바,서울 양천구 중앙로 257,126.852950237654,37.5192816512799
라이브모퉁이7080,서울 양천구 목동중앙북로7가길 11,126.866602192718,37.5486875875996
로데오노래팡,서울 양천구 목동로25길 5,126.863355509763,37.5276248108862
보고싶다,서울 양천구 중앙로 247,126.853436165811,37.5183713417663
보이스노래방,서울 양천구 등촌로 224,126.863954703575,37.5496432287937
시즌노래,서울 양천구 공항대로 626,126.874258963811,37.5465723364768
좋은친구들,서울 양천구 신월로 312-1,126.85561514743931,37.52112838974089
황금노래광장,서울 양천구 신월로 318,126.856299158851,37.5213229394011
퀸노래방,서울 양천구 신목로 66,126.87345491472935,37.520820886092245
드럼7080라이브,서울 양천구 오목로 139,126.852909028487,37.5247155429542
예스호프,서울 양천구 월정로 91-1,126.83967050568714,37.52755628933599
목동마당,서울 양천구 목동중앙서로1길 8,126.864495416736,37.532879860172
인경노래빠,서울 양천구 신월로 295,126.85388027826104,37.52149656803867
달빛마당,서울 양천구 곰달래로 39,126.83698144814,37.5301240643893
성진노래빠,서울 양천구 남부순환로 354,126.828230790679,37.5354059376136
라이브70801박2일,서울 양천구 중앙로 284,126.852624188049,37.5217184558903
뽕스,서울 양천구 신목로5길 16,126.872309428237,37.5179139199202
타임노래광장,서울 양천구 신월로 282,126.852159384007,37.5210799655285
오디션노래광장,서울 양천구 중앙로 288,126.85234661652777,37.521932547682574
스카이노래주점,서울 양천구 신목로 72,126.8738342601438,37.52126098106173
캉캉노래바,서울 양천구 목동서로 213,126.870582536428,37.5281618391691
황제노래바,서울 양천구 신월로 302,126.854422929414,37.5210863811816
7080 588라이브,서울 양천구 곰달래로14길 10,126.837847719875,37.5292368703302
카사블랑카,서울 양천구 오목로 190-1,126.858581519537,37.5251495461236
추억의스탠드바,서울 양천구 월정로 40,126.842498616309,37.5233307944392
멋진인생,서울 양천구 지양로7길 4,126.833112330592,37.52195468888177
로마생음악7080,서울 양천구 중앙로 269,126.852468102208,37.5205577703004
블루노래방,서울 양천구 신목로 76,126.874072386079,37.5215946060345
아싸단란주점,서울 양천구 남부순환로66길 23,126.833921285498,37.5224072310419
일번지7080,서울 양천구 신월로 297,126.854030833669,37.5214435950877
아지트,서울 양천구 지양로 66,126.834182099769,37.5216111119233
이도노래주점,서울 양천구 목동서로 213,126.870635951121,37.5280213414974
OB타운,서울 양천구 월정로 40,126.842479188154,37.5234244727022
썬앤썬,서울 양천구 남부순환로 357-1,126.829225404181,37.5353677361186
은하수,서울 양천구 등촌로 16,126.864097613891,37.5313864451477
준코뮤직타운 영등포점,서울 영등포구 영등포로 248,126.908754365014,37.5189243846186
가요리믹스별밤,서울 영등포구 영중로8길 6,126.90641260102925,37.51819364090454
모델놀아줘노래,서울 영등포구 선유동1로 6-7,126.892070989479,37.5225611801539
상한가,서울 영등포구 여의대방로65길 13,126.929608416887,37.5193603234899
쿡호야뮤직타운,서울 영등포구 영중로10길 6,126.906179663372,37.5190304878595
논다노래타운 영등포점,서울 영등포구 영중로10길 16,126.90698857470701,37.51893742332545
리본,서울 영등포구 영등포로 198,126.90331539955561,37.51999134994232
샤넬,서울 영등포구 영중로8길 13,126.907119230017,37.5184780146414
벤츠7080라이브,서울 영등포구 영등포로 219,126.905489473604,37.5200606848246
하늘공원단란주점,서울 영등포구 영중로 12,126.9065072063779,37.51761797486298
키카데이트카페,서울 영등포구 영등포로46길 3,126.907945467056,37.5190084512219
싸이언노래타운,서울 영등포구 영등포로50길 8-3,126.909157908437,37.5182291213724
피닉스3,서울 영등포구 영중로6길 27-1,126.90900337143277,37.51787220519953
쏘렌토,서울 영등포구 영등포로 397-1,126.922465342382,37.513528160432
홍우노래바,서울 영등포구 국제금융로 78,126.931299288897,37.5208713999322
썸노래방,서울 영등포구 여의대방로 394,126.932765535417,37.5193909949479
조이노래바,서울 영등포구 국제금융로8길 27-9,126.928961222195,37.5195239185458
가수공현아7080라이브,서울 영등포구 영중로10길 16,126.90695020967,37.5188608078655
88노래,서울 영등포구 여의대방로 379,126.930968210509,37.5192457976809
거목,서울 영등포구 영등포로37길 4,126.9056573459,37.5205978166426
벤스단란주점,서울 영등포구 양산로23길 17,126.897592082991,37.5253880348977
먹고놀자,서울 영등포구 영중로8길 6,126.906248336886,37.5183890282888
7080라이브카페,서울 영등포구 영중로10길 16,126.906960391403,37.5188599148834
스타노래연습장,서울 영등포구 여의대방로67길 18,126.930363108977,37.5203734981319
선물,서울 영등포구 국제금융로8길 34,126.927263776145,37.5202040436018
린스,서울 영등포구 영등포로 400,126.92244435588673,37.513040703555674
투투노래바,서울 영등포구 영등포로50길 8-4,126.909135079646,37.5183984923818
샤인노래방,서울 영등포구 대림로 186,126.899107199311,37.4974104611587
콩노래타운,서울 영등포구 영중로10길 6,126.90618079116946,37.51903319176402
만남7080라이브,서울 영등포구 영중로 46,126.905191467092,37.520456887179
가인7080라이브,서울 영등포구 대림로 174,126.899551874031,37.4963809899628
퀸,서울 영등포구 대림로27길 3,126.89949583366618,37.495162781634114
에이치,서울 영등포구 국제금융로8길 19,126.929136517064,37.5207620017854
궁전노래바,서울 영등포구 양평로 51,126.900738852543,37.5342637814532
유정노래바,서울 영등포구 영등포로 237-1,126.90789268514507,37.519616587009274
모나코뮤직바,서울 영등포구 양평로 28,126.903307148358,37.5333964466253
해피노래방,서울 영등포구 여의대방로67길 8,126.931126288327,37.5195594390057
메이드노래방,서울 영등포구 영중로10길 28-1,126.908417612442,37.5186466150761
풀코스,서울 영등포구 영등포로 203-2,126.904291043062,37.5204453489344
썬노래방,서울 영등포구 영중로10길 34-2,126.909148535739,37.518495811058
뮤즈,서울 영등포구 국회대로36길 13,126.89810248661328,37.526075039748136
하모니카,서울 영등포구 국제금융로6길 33,126.926960036603,37.5207967160015
고향역,서울 영등포구 영등포로 169-1,126.900510031315,37.5208422696907
수,서울 영등포구 국회대로34길 7-2,126.897539361591,37.5267142637652
홍시라이브7080,서울 영등포구 대림로 238,126.897102719616,37.5019696235675
이태원메이드,서울 용산구 이태원로 221,126.99838544966707,37.5353497456595
데이앤나잇,서울 용산구 이태원로27가길 26,126.99378960198489,37.53510632319972
여보클럽,서울 용산구 우사단로 46,126.995836402035,37.5342036102731
트랜스,서울 용산구 우사단로12길 7,126.996040086153,37.5336386896906
팡팡,서울 용산구 한강대로 144,126.97091340325399,37.531920569066486
보라보라,서울 용산구 우사단로 33,126.99545743650629,37.533253040277366
이벤트 라운지 홀덤바,서울 용산구 회나무로 20,126.988972550517,37.5389802735915
뉴욕7080라이브,서울 용산구 한강대로 306,126.972230950107,37.5454962559062
놀아줘노래주점,서울 용산구 한강대로42길 3,126.970023413117,37.5309103240702
백악관노래주점,서울 용산구 한강대로 353,126.97159561579224,37.549838919037136
플랙,서울 용산구 이태원로27가길 5,126.99500363033,37.5349847456934
보스톤,서울 용산구 이촌로54길 13,126.967593095753,37.5207968342278
탈렌트노래방,서울 용산구 한강대로 280-1,126.972826939466,37.5433565212022
벅스노래바Q,서울 용산구 한강대로 280-2,126.97277600756406,37.54338984645133
한,서울 용산구 한남대로 55,127.007102954106,37.5336394434701
사쿠라,서울 용산구 우사단로 34,126.995696163996,37.5332098011753
짐,서울 용산구 우사단로 36,126.995745933203,37.5334260432191
서울노래방,서울 용산구 새창로45길 8,126.962776449771,37.5343645024189
피스틸,서울 용산구 보광로59길 9,126.99345594095,37.5338512109957
제우스가라오케,서울 용산구 대사관로 66,127.005332273741,37.5331737191755
발리노래클럽,서울 용산구 한강대로 168-2,126.972674310686,37.5336968627678
모리,서울 용산구 장문로 83-1,126.99898183731,37.5262181029354
명성노래,서울 용산구 한강대로 264,126.973196373662,37.5418240053458
술파는노래방,서울 용산구 녹사평대로26길 24,126.991641488453,37.5309426647393
와키노래타운,서울 용산구 이태원로 183-4,126.994582751314,37.5348351610063
로코코,서울 용산구 이태원로 221,126.998221392067,37.5353614563119
맘마미아,서울 용산구 한남대로21길 14,127.006195626193,37.5343413742845
뉴서울가요주점,서울 용산구 후암로 101,126.974305822398,37.5534038887947
옛정노래,서울 용산구 한강대로11길 6,126.963269777151,37.5250735290795
샤인,서울 용산구 대사관로34길 13,127.00622602997667,37.53260424274703
스카이노래팡,서울 용산구 원효로58길 31,126.963676777937,37.5349378192653
대월노래방,서울 용산구 새창로 131,126.961437145091,37.5359975869322
태평양단란주점,서울 용산구 원효로 214,126.96577891317561,37.53752251668194
샵노래바,서울 용산구 청파로45길 20,126.969566481306,37.5444891831362
라이브7080호박,서울 용산구 대사관로31길 12,127.005981750195,37.5338575478229
레인보우,서울 용산구 이태원로 223-5,126.998379787742,37.5355704907541
팡파르노래,서울 용산구 한강대로 57,126.9646268044,37.5261371258673
울리불리,서울 용산구 장문로 111,127.001832701658,37.52657849394
오페라,서울 용산구 한강대로 166-1,126.97249787243005,37.53353103763445
탈렌트노래천국,서울 용산구 한강대로62길 16,126.973524953764,37.5341872010254
팡팡노래뱅크,서울 용산구 한강대로77길 21,126.971553471043,37.5416254010713
춘,서울 용산구 대사관로30길 6-17,127.005127471158,37.5328854079016
라이브7080노래극장,서울 용산구 녹사평대로26길 23,126.991148213664,37.530946232803
세븐틴가요주점,서울 용산구 만리재로 142-1,126.96324756625744,37.5518926938898
림프,서울 용산구 우사단로 37,126.995438185835,37.5335305478556
추억의기찻길7080라이브,서울 은평구 연서로 205,126.91886489847016,37.61698800346937
링코노래타운 연신내역점,서울 은평구 연서로 217,126.919596523578,37.6181111351647
노래하는야간열차,서울 은평구 응암로13길 26,126.914409474529,37.5888910831302
장계현나의20년,서울 은평구 역말로 100,126.92028116590433,37.608091705471594
포시즌,서울 은평구 은평로 204,126.93038531786732,37.60110641618823
연예인7080,서울 은평구 응암로 184-1,126.917146503622,37.5885245302162
나고야,서울 은평구 응암로21길 13,126.916536865883,37.5940381712468
맨하튼,서울 은평구 불광로 6,126.927532820287,37.6091955880912
벤츠7080,서울 은평구 불광로 17,126.928059758231,37.610056355136
대박노래방,서울 은평구 통일로 718,126.930662445679,37.6099876358694
아바7080라이브,서울 은평구 불광로 40-7,126.930504330051,37.6107290568705
만추,서울 은평구 진흥로 163,126.9278365351593,37.60899665557287
7080라이브연예인노래클럽,서울 은평구 통일로67길 7,126.928458705149,37.6109404679107
2번출구 노래밤,서울 은평구 서오릉로 72,126.922685675344,37.6068553456714
청춘라이브,서울 은평구 통일로 732,126.929911852247,37.6108818746138
썸노래밤,서울 은평구 통일로 863-20,126.919457107314,37.6203004401072
별천지라이브,서울 은평구 응암로21길 18-1,126.91588885327421,37.59432873147689
파티,서울 은평구 연서로26길 3,126.920044810788,37.6172915407798
몰리나,서울 은평구 연서로29길 7-12,126.918986933633,37.6183017276575
길라이브,서울 은평구 은평로 154,126.924694083003,37.6007776644928
7890열린노래타운,서울 은평구 통일로 707,126.930890973677,37.6090327213614
케이룸호프소주방,서울 은평구 응암로 193,126.916739069471,37.5893882951178
두바이,서울 은평구 통일로 714-1,126.93086992658198,37.609747193481724
현라이브7080,서울 은평구 서오릉로 23,126.92536999168921,37.603190945922385
홀인원,서울 은평구 은평로 25,126.9106868831,37.5981883597245
최고야노래타운,서울 은평구 통일로 869,126.919922581597,37.6203674299683
오거리메들리,서울 은평구 응암로 209,126.917113456448,37.5907580666092
즐거운노래바,서울 은평구 연서로27길 8-6,126.91894993940959,37.61794761404577
킹노래팡,서울 은평구 진흥로 167,126.92831009664,37.6088320631568
힐링,서울 은평구 응암로 226,126.91790915519658,37.592048843093416
윈저,서울 은평구 연서로 190-1,126.91860360530667,37.615625529523946
홈노래클럽,서울 은평구 통일로 863,126.919995437468,37.62002960907
또와노래팡,서울 은평구 응암로 185,126.91668449228916,37.588578264552545
별이빛나는밤,서울 은평구 통일로 855-20,126.919900591351,37.619748436615
블루노래바,서울 은평구 응암로11길 12,126.915603087931,37.5886847143872
보물섬,서울 은평구 통일로 863-4,126.919822227549,37.6199411947349
해바라기,서울 은평구 통일로89길 5-9,126.91929094563612,37.624170066576845
락메들리,서울 은평구 응암로 296,126.92071220376641,37.597851341795916
노래하는킹왕짱,서울 은평구 통일로66길 5-1,126.9308114392951,37.610531920718614
썸노래방,서울 은평구 불광로 40-6,126.930455849352,37.6104929691845
로미오,서울 은평구 연서로 253-11,126.92295386974898,37.62023339897512
동경단란주점,서울 은평구 은평터널로 8-6,126.896173457391,37.5824920173235
젬생음악노래주점,서울 은평구 통일로87길 21,126.917142999372,37.6233351649375
지프,서울 은평구 통일로83길 9,126.9189059154215,37.62084818213685
라이브7080 광화문연가,서울 은평구 가좌로 232,126.916959642337,37.5906011858873
준코뮤직타운 종각1호점,서울 종로구 종로14길 19,126.987050610352,37.5690689019188
준코뮤직타운 종각점,서울 종로구 종로 63-8,126.98471283259445,37.570646265350966
18번가 가요리믹스,서울 종로구 청계천로 71,126.98559497451669,37.56886871226437
유목민노마드,서울 종로구 인사동16길 13-1,126.984106231691,37.5753538838614
미나미,서울 종로구 수표로 134,126.988430971313,37.5729829686533
세씨봉7080노래방,서울 종로구 삼일대로17길 40,126.985330019008,37.5692885435654
K2,서울 종로구 수표로22길 21,126.990514058605,37.571332531417
보물섬,서울 종로구 새문안로5길 13,126.9744207744654,37.571365280190854
돈키호테,서울 종로구 수표로28길 5,126.988723039793,37.5728983033875
팡팡노래주점,서울 종로구 돈화문로 12,126.992479345769,37.5695378902352
음치노래방,서울 종로구 수표로 108,126.989504398072,37.5709035722355
열애,서울 종로구 삼일대로 432,126.988181895682,37.5732099947065
삼청동길59h,서울 종로구 삼청로 63,126.98068140748,37.5813575979445
보신각 비즈니스클럽,서울 종로구 종로8길 21,126.984121149854,37.5690721482321
소우,서울 종로구 새문안로5길 10-1,126.975046793228,37.5712545917623
단밤,서울 종로구 대학로2길 32,127.00373325596809,37.57145268585045
오퍼스,서울 종로구 돈화문로5가길 13-1,126.991428684637,37.5714100869534
귀빈,서울 종로구 수표로26길 12,126.98972158722997,37.5719847855776
팝콘,서울 종로구 삼일대로26길 10,126.98874225418542,37.57309472211568
지투,서울 종로구 삼일대로30길 21,126.988580203103,37.5742407720101
그린비,서울 종로구 돈화문로5가길 15,126.991442258853,37.5714929794961
황금열차,서울 종로구 대학로2길 30,127.003617794749,37.5714589964177
가요무대,서울 종로구 수표로 118,126.989286949859,37.5716748046095
스타하우스,서울 종로구 수표로 120,126.989200876779,37.5719703231719
종로노래방,서울 종로구 종로35길 3,127.003803433836,37.5713616831009
대가,서울 종로구 수표로 116,126.989389980406,37.571530654681
부킹라이브2050,서울 종로구 수표로 125,126.988585021761,37.5723369702232
시드니,서울 종로구 종로39길 31,127.00516072511,37.5721445963552
해주,서울 종로구 종로36가길 10,127.004505211478,37.5705904064556
황주집,서울 종로구 종로40가길 38-1,127.004555013007,37.5705111169552
왕갈비,서울 종로구 삼봉로 81,126.981797600808,37.5723955844843
수노래주점,서울 종로구 종로39길 10,127.00633908036001,37.571644486660915
홍콩가,서울 종로구 수표로 121-1,126.988811459342,37.5720711983592
바92,서울 종로구 돈화문로11길 38,126.98931623845156,37.572674911804725
힐링,서울 종로구 종로 111-1,126.98992779780396,37.570577448818796
이미지클럽,서울 종로구 종로 227-6,127.002983888861,37.5714734300649
냥코뮤직타운,서울 종로구 종로12길 10,126.985624259063,37.5696273540673
황진이노래주점,서울 종로구 청계천로 231-8,127.003424163895,37.5700831823689
노노노래방,서울 종로구 종로35길 20,127.004007227452,37.5720752645223
모델비지니스클럽,서울 중구 충무로2길 20,126.99423894211864,37.56238227869835
사이렌서울 라운지바,서울 중구 퇴계로 210-4,126.99502565217,37.5611443450233
나이아가라,서울 중구 세종대로 64,126.976696704857,37.5619737700259
을지7080라이브,서울 중구 을지로36길 35,127.001686499687,37.5650592674536
초원의집,서울 중구 남대문로1길 14,126.97763735895441,37.56163427620235
썸노래짱,서울 중구 수표로6길 32,126.992129154064,37.5627731894029
블링블링,서울 중구 세종대로14길 26,126.978087510003,37.5627137545323
성동차차차,서울 중구 퇴계로 417,127.017815985754,37.5659436144145
머무는곳,서울 중구 충무로2길 34-2,126.99505161245628,37.56222644313901
월드컵단란주점,,127.00491257808886,37.56845953587155
놀이터,서울 중구 세종대로14길 6-3,126.977145795368,37.5627820517316
골드노래주점,서울 중구 퇴계로78길 43,127.01642659557665,37.56340120455946
헐리우드,서울 중구 세종대로 66-11,126.977145969311,37.5622126219468
리코노래타운,서울 중구 충무로2길 2,126.993321008968,37.5625182808151
힙지로단란주점,서울 중구 충무로9길 14,126.991567265364,37.5671546950577
더폭스,서울 중구 남대문로1길 16,126.977520740701,37.5617676015635
던힐골드가라오케,서울 중구 삼일대로 299,126.98865912023349,37.56144664005046
비타민노래카페,서울 중구 수표로2길 5,126.990818535321,37.5623081805318
멜로디노래방,서울 중구 남대문로1길 30,126.97751377181643,37.56235955501262
또또짱,서울 중구 다산로44길 19,127.017961804512,37.5651299928503
시그널,서울 중구 을지로43길 15,127.006846912267,37.5669854104559
노래하는라이브7080,서울 중구 다산로44길 15,127.017796528169,37.565038116265
굿모닝,서울 중구 수표로6길 25-1,126.991918595192,37.563104741889
와 노래클럽,서울 중구 충무로2길 29,126.994933879841,37.562546291939
자이언트노래주점,서울 중구 수표로 45,126.989668169009,37.5653462451922
아하노래주점,서울 중구 충무로 52-1,126.992887200953,37.565811396996
라플린노래타운,서울 중구 퇴계로 398,127.015765945714,37.565075345739
부 서울,서울 중구 충무로9길 12,126.991820831582,37.5669880286621
타워카라오케,서울 중구 삼일대로 299,126.98869080423228,37.56149349491904
로얄호텔양주점빠,서울 중구 명동길 61,126.985598120655,37.5642862473222
체스노래방,서울 중구 무교로 17-25,126.978547949356,37.5674314549655
황제노래광장,서울 중구 마른내로 165,127.006419981629,37.5646401417109
콜라보노래방,서울 중구 동호로12길 6,127.010579467433,37.5556019420873
스카이노래방,서울 중구 을지로1길 15,126.97973438036351,37.56675141271866
오렌지노래방주점,서울 중구 남대문로9길 12,126.98175367232572,37.566857158590786
에뜨랑제노래방주점,서울 중구 남대문로9길 39,126.980250544286,37.5666929354584
여자친구노래팡,서울 중구 마른내로 54-1,126.993875471281,37.5642229961345
큐노래크럽,서울 중구 퇴계로27길 45,126.991167041659,37.56315153987
황진이노래노래,서울 중구 충무로2길 37,126.99524288376668,37.56236790747257
스타노래주점,서울 중구 을지로30길 8,126.999859644607,37.5663377928491
벅시,서울 중구 퇴계로76길 24,127.015352622689,37.5641635920219
갈채노래바,서울 중구 충무로 47,126.9925216345051,37.56546989688393
S노래방,서울 중구 세종대로 22,126.974340292041,37.5584927304261
준코뮤직타운 상봉점,서울 중랑구 망우로 328,127.08888795537966,37.596800253656596
신세계,서울 중랑구 면목로96길 48,127.08843890916066,37.59626630327812
유토피아,서울 중랑구 동일로 869,127.077949721152,37.6079955803827
미주룸비지니스,서울 중랑구 망우로50길 15,127.089170603038,37.5964297331316
소풍라이브,서울 중랑구 면목로 206,127.08360658418718,37.57144926868593
가야단란주점,서울 중랑구 봉우재로 41,127.077868377652,37.5908011274625
파트너,서울 중랑구 봉우재로 148-1,127.089471332058,37.5931940456453
짱,서울 중랑구 중랑역로 196,127.07613499348777,37.6109204749358
와와노래타운,서울 중랑구 봉우재로33길 79,127.08950030899,37.595643819294
바나나7080,서울 중랑구 면목로 456,127.086826735218,37.5926211880265
디오니스,서울 중랑구 신내로 225,127.091383502537,37.6170246605737
씽7080,서울 중랑구 봉우재로 139,127.088332317698,37.5932651809039
더데이(The Day),서울 중랑구 공릉로12가길 1,127.079871651426,37.6164942229565
궁노래주점,서울 중랑구 봉우재로 39,127.07757498005,37.5906661718445
동학라이브,서울 중랑구 망우로 378-1,127.094268559283,37.5983043375766
7080고래사냥라이브,서울 중랑구 망우로 221,127.077364930791,37.5944811087921
작은음악회콘서트라이브7080,서울 중랑구 중랑천로12길 58,127.076090661693,37.5929718752614
댄스매니아,서울 중랑구 면목로 419,127.087064254107,37.5894792542139
명품7080,서울 중랑구 면목로 306,127.087720491101,37.5794326971256
워싱턴,서울 중랑구 중랑역로 83,127.077697672779,37.6008599062941
부킹7080,서울 중랑구 면목로 279,127.085667212408,37.5777565545262
해프닝,서울 중랑구 면목로35길 43,127.083588852913,37.5788788809026
은하노래주점,서울 중랑구 상봉로 17,127.09411894732578,37.587406062489094
스캔들,서울 중랑구 중랑천로12길 34,127.074858390112,37.5926447022372
7080노래빠,서울 중랑구 중랑역로 209,127.075602762077,37.6121164293218
별밤,서울 중랑구 망우로 487,127.10626072315448,37.600861072004385
세시봉라이브7080,서울 중랑구 면목로 311,127.087902255522,37.5799677521564
7080놀아,서울 중랑구 망우로 384,127.094900629202,37.5984624054174
샴푸노래,서울 중랑구 동일로 852,127.078841663506,37.606457899786
입큰개구리,서울 중랑구 망우로 188,127.073658550957,37.5930454974285
와와노래주점,서울 중랑구 중랑역로 258,127.077024382513,37.6156221572372
우밴드7080라이브,서울 중랑구 용마산로 523,127.10006662793496,37.597662563708745
술,서울 중랑구 신내로 225,127.091378967467,37.6170210601339
한강,서울 중랑구 면목로 318,127.08848113774825,37.58028627140695
루루노래방,서울 중랑구 사가정로 377,127.086675122474,37.5810030001486
럭셔리바,서울 중랑구 겸재로 84,127.07724732868,37.5858713051207
샴푸노래,서울 중랑구 용마산로115길 106,127.094499326823,37.5981158459607
비엔비506070라이브,서울 중랑구 봉우재로43길 10,127.09032388172274,37.59406825907521
불후의명곡7080라이브,서울 중랑구 동일로 920,127.077592093226,37.6125980680663
M단란주점,서울 중랑구 면목로 372,127.088561674577,37.5851975248956
워싱턴7080,서울 중랑구 면목로 454,127.086792471297,37.5923671335703
알라딘룸클럽,서울 중랑구 망우로50길 15,127.089166086529,37.5964405484368
엠파이어응답하라7080,서울 중랑구 동일로 855,127.078102542873,37.6068458167727
MBC가요주점,서울 중랑구 망우로 431,127.10004492082456,37.60006654527877
별,서울 중랑구 중랑역로 211,127.075539521081,37.6122984695486
